,ID,Name,Age,Email,Salary,Join_Date
0,1,Employee_1,44,employee1@example.com,111114,22-01-2020
3,10a4,Employee_4,49,employee@@example.com,42944,24-09-2020
4,5,Employee_5,34,employee5@example.com,138035,24-08-2022
5,6,Employee_6,53,employee6@example.com,118658,18-03-2024
6,7,Employee_7,31,employee7@example.com,146115,20-09-2015
7,8,Employee_8,44,employee8@example.com,47316,26-08-2023
8,9,Employee_9,31,employee9@example.com,55327,13-09-2023
9,10,Employee_10,32,employee10@example.com,117050,22-09-2016
10,11,Employee_11,25,employee11@example.com,86629,14-11-2016
11,12,Employee_12,30,employee12@example.com,39692,10-05-2015
12,13,Employee_13,37,employee13@example.com,120356,08-09-2015
13,14,Employee_14,27,employee14@example.com,90938,24-04-2020
14,15,Employee_15,46,employee15@example.com,58157,19-07-2017
15,16,Employee_16,30,employee16@example.com,41032,24-04-2023
16,17,Employee_17,26,employee17@example.com,149121,12-03-2017
17,18,Employee_18,56,employee18@example.com,30066,04-02-2017
18,19,Employee_19,28,employee19@example.com,47656,08-04-2017
19,20,Employee_20,48,employee20@example.com,121474,07-03-2018
20,21,Employee_21,58,employee21@example.com,39861,10-04-2019
21,22,Employee_22,41,employee22@example.com,112778,27-03-2019
23,24,Employee_24,39,employee24@example.com,139682,05-01-2022
24,25,Employee_25,46,employee25@example.com,86285,06-12-2016
27,28,Employee_28,55,employee28@example.com,36850,03-05-2017
28,29,Employee_29,42,employee29@example.com,142975,24-11-2024
30,31,Employee_31,33,employee31@example.com,47554,29-06-2023
31,32,Employee_32,36,employee32@example.com,97546,13-05-2018
32,33,Employee_33,27,employee33@example.com,106083,12-04-2021
33,34,Employee_34,43,employee34@example.com,43173,29-06-2019
34,35,Employee_35,52,employee35@example.com,95255,23-10-2020
36,37,Employee_37,26,employee37@example.com,85130,08-01-2023
37,38,Employee_38,42,employee38@example.com,134872,12-05-2022
38,39,Employee_39,28,employee39@example.com,70932,16-05-2019
39,40,Employee_40,29,employee40@example.com,116188,13-02-2019
40,41,Employee_41,40,employee41@example.com,45136,20-12-2017
41,42,Employee_42,21,employee42@example.com,33476,22-05-2021
43,44,Employee_44,41,employee44@example.com,141227,20-12-2023
44,45,Employee_45,49,employee45@example.com,77442,02-04-2024
45,46,Employee_46,24,employee46@example.com,76098,26-08-2017
46,47,Employee_47,42,employee47@example.com,37357,01-08-2022
47,48,Employee_48,36,employee48@example.com,99789,17-08-2020
49,50,Employee_50,30,employee50@example.com,100960,14-08-2022
50,51,Employee_51,50,employee51@example.com,92019,10-10-2022
53,54,Employee_54,52,employee54@example.com,111599,31-08-2019
54,55,Employee_55,36,employee55@example.com,72549,17-09-2017
57,58,Employee_58,40,employee58@example.com,109204,09-02-2019
58,59,Employee_59,23,employee59@example.com,71590,29-09-2020
61,62,Employee_62,49,employee62@example.com,108503,07-05-2024
62,63,Employee_63,38,employee63@example.com,124189,14-02-2017
63,64,Employee_64,21,employee64@example.com,108142,16-12-2015
64,65,Employee_65,36,employee65@example.com,35250,22-06-2021
66,67,Employee_67,24,employee67@example.com,62141,10-03-2021
68,69,Employee_69,41,employee69@example.com,82913,19-01-2023
69,70,Employee_70,36,employee70@example.com,75823,26-07-2016
70,71,Employee_71,35,employee71@example.com,35715,08-04-2019
71,72,Employee_72,39,employee72@example.com,41564,20-03-2015
72,73,Employee_73,28,employee73@example.com,92856,04-01-2019
73,74,Employee_74,20,employee74@example.com,58069,28-02-2016
74,75,Employee_75,52,employee75@example.com,48631,14-01-2022
75,76,Employee_76,47,employee76@example.com,56448,18-12-2020
76,77,Employee_77,30,employee77@example.com,54123,13-05-2022
77,78,Employee_78,30,employee78@example.com,137245,25-07-2023
80,81,Employee_81,49,employee81@example.com,68155,09-08-2023
81,82,Employee_82,47,employee82@example.com,46622,18-11-2022
82,83,Employee_83,57,employee83@example.com,126641,26-11-2024
83,84,Employee_84,38,employee84@example.com,69035,07-02-2016
85,86,Employee_86,47,employee86@example.com,48527,19-04-2017
86,87,Employee_87,34,employee87@example.com,108432,19-08-2018
89,90,Employee_90,26,employee90@example.com,91174,29-11-2021
91,92,Employee_92,21,employee92@example.com,68081,09-07-2023
92,93,Employee_93,57,employee93@example.com,109142,06-08-2017
93,94,Employee_94,31,employee94@example.com,77660,29-07-2019
94,95,Employee_95,46,employee95@example.com,141595,15-02-2021
96,97,Employee_97,57,employee97@example.com,86439,22-01-2022
97,98,Employee_98,43,employee98@example.com,99379,04-05-2016
98,99,Employee_99,31,employee99@example.com,141054,15-12-2015
99,One100,Employee_100,32,employee.com,81037,18-11-2020
